Runs,Mins,BF,4s,6s,SR,Pos,Dismissal,Inns,Opposition,Ground,Start Date,Match Type
12,33,22,1,0,54.54,2,lbw,1,Sri Lanka,Dambulla,18-08-2008,ODI
37,82,67,6,0,55.22,2,caught,2,Sri Lanka,Dambulla,20-08-2008,ODI
25,40,38,4,0,65.78,1,run out,1,Sri Lanka,Colombo (RPS),24-08-2008,ODI
54,87,66,7,0,81.81,1,bowled,1,Sri Lanka,Colombo (RPS),27-08-2008,ODI
31,45,46,3,1,67.39,1,lbw,2,Sri Lanka,Colombo (RPS),29-08-2008,ODI
2,6,2,0,0,100,7,not out,1,Sri Lanka,Colombo (RPS),14-09-2009,ODI
16,28,24,1,0,66.66,4,caught,2,Pakistan,Centurion,26-09-2009,ODI
,,,,,,,,,Australia,Centurion,28-09-2009,ODI
79,121,104,9,2,75.96,4,not out,2,West Indies,Johannesburg,30-09-2009,ODI
30,53,41,3,0,73.17,4,caught,2,Australia,Vadodara,25-10-2009,ODI
10,32,16,1,0,62.5,3,caught,2,Australia,Mohali,02-11-2009,ODI
27,20,19,4,0,142.1,7,bowled,1,Sri Lanka,Rajkot,15-12-2009,ODI
54,93,65,7,0,83.07,4,lbw,1,Sri Lanka,Nagpur,18-12-2009,ODI
107,-,114,11,1,93.85,4,caught,2,Sri Lanka,Eden Gardens,24-12-2009,ODI
,,,,,,,,,Sri Lanka,Delhi,27-12-2009,ODI
9,19,12,1,0,75,3,caught,1,Sri Lanka,Mirpur,05-01-2010,ODI
91,136,102,7,0,89.21,3,caught,2,Bangladesh,Mirpur,07-01-2010,ODI
71,98,68,9,0,104.41,3,not out,2,Sri Lanka,Mirpur,10-01-2010,ODI
102,128,95,11,0,107.36,3,not out,2,Bangladesh,Mirpur,11-01-2010,ODI
2,6,8,0,0,25,3,caught,1,Sri Lanka,Mirpur,13-01-2010,ODI
31,-,46,1,0,67.39,5,caught,1,South Africa,Jaipur,21-02-2010,ODI
,,,,,,,,,South Africa,Gwalior,24-02-2010,ODI
57,-,71,4,1,80.28,3,caught,2,South Africa,Ahmedabad,27-02-2010,ODI
0,3,0,0,0,-,3,run out,1,Zimbabwe,Bulawayo,28-05-2010,ODI
82,125,92,4,0,89.13,3,caught,2,Sri Lanka,Bulawayo,30-05-2010,ODI
18,28,29,1,0,62.06,3,caught,1,Zimbabwe,Harare,03-06-2010,ODI
68,123,95,5,0,71.57,3,caught,1,Sri Lanka,Harare,05-06-2010,ODI
11,35,22,0,0,50,3,stumped,2,Bangladesh,Dambulla,16-06-2010,ODI
18,31,27,1,0,66.66,3,bowled,2,Pakistan,Dambulla,19-06-2010,ODI
10,13,14,1,0,71.42,3,caught,1,Sri Lanka,Dambulla,22-06-2010,ODI
28,57,34,4,0,82.35,3,caught,1,Sri Lanka,Dambulla,24-06-2010,ODI
0,5,3,0,0,0,3,caught,2,Sri Lanka,Dambulla,16-08-2010,ODI
8,22,16,1,0,50,3,caught,1,New Zealand,Dambulla,25-08-2010,ODI
37,98,57,5,0,64.91,3,caught,2,Sri Lanka,Dambulla,28-08-2010,ODI
118,193,121,11,1,97.52,3,caught,2,Australia,Visakhapatnam,20-10-2010,ODI
105,162,104,10,0,100.96,3,caught,1,New Zealand,Guwahati,28-11-2010,ODI
64,78,73,8,0,87.67,3,caught,2,New Zealand,Jaipur,01-12-2010,ODI
63,83,70,6,2,90,3,not out,2,New Zealand,Vadodara,04-12-2010,ODI
0,3,2,0,0,0,3,caught,2,New Zealand,Bengaluru,07-12-2010,ODI
2,10,8,0,0,25,3,caught,2,New Zealand,Chennai,10-12-2010,ODI
54,122,70,2,1,77.14,3,caught,2,South Africa,Durban,12-01-2011,ODI
22,43,34,1,0,64.7,3,run out,1,South Africa,Johannesburg,15-01-2011,ODI
28,51,41,5,0,68.29,3,caught,2,South Africa,Cape Town,18-01-2011,ODI
87,126,92,7,2,94.56,3,not out,2,South Africa,Gqeberha,21-01-2011,ODI
2,11,6,0,0,33.33,3,caught,2,South Africa,Centurion,23-01-2011,ODI
100,113,83,8,2,120.48,4,not out,1,Bangladesh,Mirpur,19-02-2011,ODI
8,12,5,1,0,160,7,bowled,1,England,Bengaluru,27-02-2011,ODI
34,82,53,3,0,64.15,4,run out,2,Ireland,Bengaluru,06-03-2011,ODI
12,16,20,2,0,60,5,bowled,2,Netherlands,Delhi,09-03-2011,ODI
1,2,3,0,0,33.33,7,caught,1,South Africa,Nagpur,12-03-2011,ODI
59,128,76,5,0,77.63,3,bowled,1,West Indies,Chennai,20-03-2011,ODI
24,38,33,1,0,72.72,4,caught,2,Australia,Ahmedabad,24-03-2011,ODI
9,20,21,0,0,42.85,4,caught,1,Pakistan,Mohali,30-03-2011,ODI
35,69,49,4,0,71.42,4,caught,2,Sri Lanka,Wankhede,02-04-2011,ODI
2,5,8,0,0,25,3,caught,2,West Indies,Port of Spain,06-06-2011,ODI
81,118,103,6,1,78.64,3,caught,2,West Indies,Port of Spain,08-06-2011,ODI
0,1,1,0,0,0,3,lbw,2,West Indies,North Sound,11-06-2011,ODI
22,68,33,1,0,66.66,3,stumped,2,West Indies,North Sound,13-06-2011,ODI
94,135,104,10,0,90.38,3,run out,1,West Indies,Kingston,16-06-2011,ODI
55,92,73,4,0,75.34,4,bowled,1,England,Chester-le-Street,03-09-2011,ODI
9,9,9,0,0,100,4,caught,1,England,Southampton,06-09-2011,ODI
7,18,18,0,0,38.88,4,caught,1,England,The Oval,09-09-2011,ODI
16,40,36,1,0,44.44,4,caught,1,England,Lord's,11-09-2011,ODI
107,102,93,9,1,115.05,4,hit wicket,1,England,Cardiff,16-09-2011,ODI
37,70,63,0,0,58.73,4,caught,1,England,Hyderabad (Deccan),14-10-2011,ODI
112,134,98,16,0,114.28,4,not out,2,England,Delhi,17-10-2011,ODI
35,42,30,5,0,116.66,4,lbw,2,England,Mohali,20-10-2011,ODI
86,-,99,11,0,86.86,4,not out,2,England,Wankhede,23-10-2011,ODI
0,5,5,0,0,0,3,bowled,1,England,Eden Gardens,25-10-2011,ODI
3,13,6,0,0,50,4,bowled,2,West Indies,Cuttack,29-11-2011,ODI
117,154,123,14,0,95.12,4,caught,2,West Indies,Visakhapatnam,02-12-2011,ODI
20,21,30,3,0,66.66,4,lbw,2,West Indies,Ahmedabad,05-12-2011,ODI
23,15,11,3,0,209.09,6,not out,1,West Indies,Indore,08-12-2011,ODI
80,99,85,5,0,94.11,5,caught,1,West Indies,Chennai,11-12-2011,ODI
31,30,34,3,0,91.17,3,caught,2,Australia,Melbourne,05-02-2012,ODI
77,156,94,8,1,81.91,3,run out,2,Sri Lanka,Perth,08-02-2012,ODI
18,41,28,1,0,64.28,3,caught,2,Australia,Adelaide,12-02-2012,ODI
15,32,25,1,0,60,3,lbw,2,Sri Lanka,Adelaide,14-02-2012,ODI
12,44,25,0,0,48,3,caught,2,Australia,Brisbane,19-02-2012,ODI
66,116,83,2,0,79.51,4,caught,2,Sri Lanka,Brisbane,21-02-2012,ODI
21,36,27,2,0,77.77,4,caught,2,Australia,Sydney,26-02-2012,ODI
133,133,86,16,2,154.65,4,not out,2,Sri Lanka,Hobart,28-02-2012,ODI
108,148,120,7,0,90,3,caught,1,Sri Lanka,Mirpur,13-03-2012,ODI
66,126,82,5,0,80.48,3,bowled,1,Bangladesh,Mirpur,16-03-2012,ODI
183,211,148,22,1,123.64,3,caught,2,Pakistan,Mirpur,18-03-2012,ODI
106,158,113,9,0,93.8,3,caught,1,Sri Lanka,Hambantota,21-07-2012,ODI
1,6,5,0,0,20,3,caught,1,Sri Lanka,Hambantota,24-07-2012,ODI
38,80,65,2,0,58.46,3,caught,2,Sri Lanka,Colombo (RPS),28-07-2012,ODI
128,187,119,12,1,107.56,3,not out,2,Sri Lanka,Colombo (RPS),31-07-2012,ODI
23,42,35,2,0,65.71,3,lbw,1,Sri Lanka,Pallekele,04-08-2012,ODI
0,9,5,0,0,0,3,bowled,1,Pakistan,Chennai,30-12-2012,ODI
6,12,9,1,0,66.66,3,caught,2,Pakistan,Eden Gardens,03-01-2013,ODI
7,25,17,1,0,41.17,3,caught,1,Pakistan,Delhi,06-01-2013,ODI
15,45,22,1,0,68.18,3,caught,2,England,Rajkot,11-01-2013,ODI
37,86,54,1,1,68.51,3,caught,1,England,Kochi,15-01-2013,ODI
77,110,79,9,2,97.46,3,not out,2,England,Ranchi,19-01-2013,ODI
26,44,33,3,0,78.78,3,caught,2,England,Mohali,23-01-2013,ODI
0,1,1,0,0,0,3,caught,1,England,Dharamsala,27-01-2013,ODI
31,46,41,2,0,75.6,3,caught,1,South Africa,Cardiff,06-06-2013,ODI
22,18,18,4,0,122.22,3,bowled,2,West Indies,The Oval,11-06-2013,ODI
22,36,27,3,0,81.48,3,not out,2,Pakistan,Birmingham,15-06-2013,ODI
58,80,64,4,1,90.62,3,not out,2,Sri Lanka,Cardiff,20-06-2013,ODI
43,66,34,4,1,126.47,3,caught,1,England,Birmingham,23-06-2013,ODI
11,19,21,0,1,52.38,3,caught,1,West Indies,Kingston,30-06-2013,ODI
2,6,5,0,0,40,4,caught,2,Sri Lanka,Kingston,02-07-2013,ODI
102,120,83,13,2,122.89,3,caught,1,West Indies,Port of Spain,05-07-2013,ODI
31,62,52,4,0,59.61,3,lbw,1,Sri Lanka,Port of Spain,09-07-2013,ODI
2,8,5,0,0,40,3,caught,2,Sri Lanka,Port of Spain,11-07-2013,ODI
115,133,108,13,1,106.48,3,caught,2,Zimbabwe,Harare,24-07-2013,ODI
14,35,18,2,0,77.77,3,caught,1,Zimbabwe,Harare,26-07-2013,ODI
68,128,88,5,1,77.27,3,not out,2,Zimbabwe,Harare,28-07-2013,ODI
,,,,,,,,,Zimbabwe,Bulawayo,01-08-2013,ODI
,,,,,,,,,Zimbabwe,Bulawayo,03-08-2013,ODI
61,121,85,6,0,71.76,3,lbw,2,Australia,Pune,13-10-2013,ODI
100,82,52,8,7,192.3,3,not out,2,Australia,Jaipur,16-10-2013,ODI
68,121,73,9,0,93.15,3,caught,1,Australia,Mohali,19-10-2013,ODI
,,,,,,,,,Australia,Ranchi,23-10-2013,ODI
115,104,66,18,1,174.24,3,not out,2,Australia,Nagpur,30-10-2013,ODI
0,4,3,0,0,0,3,run out,1,Australia,Bengaluru,02-11-2013,ODI
86,120,84,9,2,102.38,3,caught,2,West Indies,Kochi,21-11-2013,ODI
99,159,100,9,0,99,3,caught,1,West Indies,Visakhapatnam,24-11-2013,ODI
19,19,18,3,0,105.55,3,caught,2,West Indies,Kanpur,27-11-2013,ODI
31,41,35,5,0,88.57,3,caught,2,South Africa,Johannesburg,05-12-2013,ODI
0,7,5,0,0,0,3,caught,2,South Africa,Durban,08-12-2013,ODI
,,,,,,,,,South Africa,Centurion,11-12-2013,ODI
123,179,111,11,2,110.81,3,caught,2,New Zealand,Napier,19-01-2014,ODI
78,88,65,7,2,120,3,caught,2,New Zealand,Hamilton,22-01-2014,ODI
6,27,20,1,0,30,3,caught,2,New Zealand,Auckland,25-01-2014,ODI
2,14,10,0,0,20,2,caught,1,New Zealand,Hamilton,28-01-2014,ODI
82,129,78,7,3,105.12,3,caught,2,New Zealand,Wellington,31-01-2014,ODI
136,157,122,16,2,111.47,3,bowled,2,Bangladesh,Fatullah,26-02-2014,ODI
48,66,51,4,1,94.11,3,bowled,1,Sri Lanka,Fatullah,28-02-2014,ODI
5,29,11,0,0,45.45,3,caught,1,Pakistan,Mirpur,02-03-2014,ODI
,,,,,,,,,Afghanistan,Mirpur,05-03-2014,ODI
0,1,3,0,0,0,3,caught,1,England,Cardiff,27-08-2014,ODI
40,67,50,2,1,80,3,caught,2,England,Nottingham,30-08-2014,ODI
1,9,3,0,0,33.33,3,not out,2,England,Birmingham,02-09-2014,ODI
13,25,21,2,0,61.9,3,caught,2,England,Leeds,05-09-2014,ODI
2,7,5,0,0,40,3,caught,2,West Indies,Kochi,08-10-2014,ODI
62,124,78,5,0,79.48,4,caught,1,West Indies,Delhi,11-10-2014,ODI
127,164,114,13,3,111.4,3,run out,1,West Indies,Dharamsala,17-10-2014,ODI
22,34,21,2,0,104.76,4,caught,1,Sri Lanka,Cuttack,02-11-2014,ODI
49,-,44,2,2,111.36,4,caught,2,Sri Lanka,Ahmedabad,06-11-2014,ODI
53,-,61,4,1,86.88,4,caught,2,Sri Lanka,Hyderabad (Deccan),09-11-2014,ODI
66,109,64,6,0,103.12,4,run out,1,Sri Lanka,Eden Gardens,13-11-2014,ODI
139,192,126,12,3,110.31,4,not out,2,Sri Lanka,Ranchi,16-11-2014,ODI
9,24,16,0,0,56.25,4,caught,1,Australia,Melbourne,18-01-2015,ODI
4,13,8,0,0,50,4,caught,1,England,Brisbane,20-01-2015,ODI
3,8,9,0,0,33.33,4,not out,1,Australia,Sydney,26-01-2015,ODI
8,26,19,0,0,42.1,3,caught,1,England,Perth,30-01-2015,ODI
107,168,126,8,0,84.92,3,caught,1,Pakistan,Adelaide,15-02-2015,ODI
46,106,60,3,0,76.66,3,caught,1,South Africa,Melbourne,22-02-2015,ODI
33,49,41,5,0,80.48,3,not out,2,U.A.E.,Perth,28-02-2015,ODI
33,51,36,5,0,91.66,3,caught,2,West Indies,Perth,06-03-2015,ODI
44,64,42,4,1,104.76,3,not out,2,Ireland,Hamilton,10-03-2015,ODI
38,71,48,4,0,79.16,3,bowled,2,Zimbabwe,Auckland,14-03-2015,ODI
3,6,8,0,0,37.5,3,caught,1,Bangladesh,Melbourne,19-03-2015,ODI
1,11,13,0,0,7.69,3,caught,2,Australia,Sydney,26-03-2015,ODI
1,9,4,0,0,25,3,caught,2,Bangladesh,Mirpur,18-06-2015,ODI
23,57,27,3,1,85.18,3,lbw,1,Bangladesh,Mirpur,21-06-2015,ODI
25,55,35,1,0,71.42,3,bowled,1,Bangladesh,Mirpur,24-06-2015,ODI
11,29,18,0,0,61.11,4,caught,2,South Africa,Kanpur,11-10-2015,ODI
12,24,18,0,0,66.66,4,run out,1,South Africa,Indore,14-10-2015,ODI
77,155,99,5,0,77.77,3,caught,2,South Africa,Rajkot,18-10-2015,ODI
138,202,140,6,5,98.57,3,caught,1,South Africa,Chennai,22-10-2015,ODI
7,11,6,0,1,116.66,3,caught,2,South Africa,Wankhede,25-10-2015,ODI
91,148,97,9,1,93.81,3,caught,1,Australia,Perth,12-01-2016,ODI
59,84,67,4,0,88.05,3,run out,1,Australia,Brisbane,15-01-2016,ODI
117,174,117,7,2,100,3,caught,1,Australia,Melbourne,17-01-2016,ODI
106,131,92,11,1,115.21,3,caught,2,Australia,Canberra,20-01-2016,ODI
8,11,11,1,0,72.72,3,caught,2,Australia,Sydney,23-01-2016,ODI
85,109,81,9,1,104.93,3,not out,2,New Zealand,Dharamsala,16-10-2016,ODI
9,18,13,1,0,69.23,3,caught,2,New Zealand,Delhi,20-10-2016,ODI
154,202,134,16,1,114.92,3,not out,2,New Zealand,Mohali,23-10-2016,ODI
45,64,51,2,1,88.23,3,caught,2,New Zealand,Ranchi,26-10-2016,ODI
65,152,76,2,1,85.52,3,caught,1,New Zealand,Visakhapatnam,29-10-2016,ODI
122,147,105,8,5,116.19,3,caught,2,England,Pune,15-01-2017,ODI
8,6,5,2,0,160,3,caught,1,England,Cuttack,19-01-2017,ODI
55,81,63,8,0,87.3,3,caught,2,England,Eden Gardens,22-01-2017,ODI
81,108,68,6,3,119.11,3,not out,1,Pakistan,Birmingham,04-06-2017,ODI
0,5,5,0,0,0,3,caught,1,Sri Lanka,The Oval,08-06-2017,ODI
76,136,101,7,1,75.24,3,not out,2,South Africa,The Oval,11-06-2017,ODI
96,96,78,13,0,123.07,3,not out,2,Bangladesh,Birmingham,15-06-2017,ODI
5,11,9,0,0,55.55,3,caught,2,Pakistan,The Oval,18-06-2017,ODI
32,-,47,1,0,68.08,3,not out,1,West Indies,Port of Spain,23-06-2017,ODI
87,-,66,4,4,131.81,3,caught,1,West Indies,Port of Spain,25-06-2017,ODI
11,-,22,2,0,50,3,caught,1,West Indies,North Sound,30-06-2017,ODI
3,-,12,0,0,25,3,caught,2,West Indies,North Sound,02-07-2017,ODI
111,-,115,12,2,96.52,3,not out,2,West Indies,Kingston,06-07-2017,ODI
82,-,70,10,1,117.14,3,not out,2,Sri Lanka,Dambulla,20-08-2017,ODI
4,-,2,1,0,200,5,bowled,2,Sri Lanka,Pallekele,24-08-2017,ODI
3,-,11,0,0,27.27,3,caught,2,Sri Lanka,Pallekele,27-08-2017,ODI
131,-,96,17,2,136.45,3,caught,1,Sri Lanka,Colombo (RPS),31-08-2017,ODI
110,-,116,9,0,94.82,3,not out,2,Sri Lanka,Colombo (RPS),03-09-2017,ODI
0,7,4,0,0,0,3,caught,1,Australia,Chennai,17-09-2017,ODI
92,148,107,8,0,85.98,3,bowled,1,Australia,Eden Gardens,21-09-2017,ODI
28,58,35,2,0,80,3,caught,2,Australia,Indore,24-09-2017,ODI
21,23,21,3,0,100,3,bowled,2,Australia,Bengaluru,28-09-2017,ODI
39,73,55,2,0,70.9,3,caught,2,Australia,Nagpur,01-10-2017,ODI
121,203,125,9,2,96.8,3,caught,1,New Zealand,Wankhede,22-10-2017,ODI
29,40,29,3,1,100,3,caught,2,New Zealand,Pune,25-10-2017,ODI
113,166,106,9,1,106.6,3,caught,1,New Zealand,Kanpur,29-10-2017,ODI
112,164,119,10,0,94.11,3,caught,2,South Africa,Durban,01-02-2018,ODI
46,64,50,4,1,92,3,not out,2,South Africa,Centurion,04-02-2018,ODI
160,220,159,12,2,100.62,3,not out,1,South Africa,Cape Town,07-02-2018,ODI
75,119,83,7,1,90.36,3,caught,1,South Africa,Johannesburg,10-02-2018,ODI
36,76,54,2,0,66.66,3,run out,1,South Africa,Gqeberha,13-02-2018,ODI
129,123,96,19,2,134.37,3,not out,2,South Africa,Centurion,16-02-2018,ODI
75,-,82,7,0,91.46,3,stumped,2,England,Nottingham,12-07-2018,ODI
45,-,56,2,0,80.35,3,lbw,2,England,Lord's,14-07-2018,ODI
71,98,72,8,0,98.61,3,bowled,1,England,Leeds,17-07-2018,ODI
140,-,107,21,2,130.84,3,stumped,2,West Indies,Guwahati,21-10-2018,ODI
157,217,129,13,4,121.7,3,not out,1,West Indies,Visakhapatnam,24-10-2018,ODI
107,-,119,10,1,89.91,3,bowled,2,West Indies,Pune,27-10-2018,ODI
16,-,17,2,0,94.11,3,caught,1,West Indies,Brabourne,29-10-2018,ODI
33,57,29,6,0,113.79,3,not out,2,West Indies,Thiruvananthapuram,01-11-2018,ODI
3,10,8,0,0,37.5,3,caught,2,Australia,Sydney,12-01-2019,ODI
104,150,112,5,2,92.85,3,caught,2,Australia,Adelaide,15-01-2019,ODI
46,-,62,3,0,74.19,3,caught,2,Australia,Melbourne,18-01-2019,ODI
45,59,59,3,0,76.27,3,caught,2,New Zealand,Napier,23-01-2019,ODI
43,59,45,5,0,95.55,3,caught,1,New Zealand,Mount Maunganui,26-01-2019,ODI
60,94,74,6,1,81.08,3,caught,2,New Zealand,Mount Maunganui,28-01-2019,ODI
44,-,45,6,1,97.77,3,lbw,2,Australia,Hyderabad (Deccan),02-03-2019,ODI
116,-,120,10,0,96.66,3,caught,1,Australia,Nagpur,05-03-2019,ODI
123,-,95,16,1,129.47,3,bowled,2,Australia,Ranchi,08-03-2019,ODI
7,-,6,1,0,116.66,4,caught,1,Australia,Mohali,10-03-2019,ODI
20,-,22,2,0,90.9,3,caught,2,Australia,Delhi,13-03-2019,ODI
18,44,34,1,0,52.94,3,caught,2,South Africa,Southampton,05-06-2019,ODI
82,128,77,4,2,106.49,3,caught,1,Australia,The Oval,09-06-2019,ODI
77,105,65,7,0,118.46,3,caught,1,Pakistan,Manchester,16-06-2019,ODI
67,105,63,5,0,106.34,3,caught,1,Afghanistan,Southampton,22-06-2019,ODI
72,146,82,8,0,87.8,3,caught,1,West Indies,Manchester,27-06-2019,ODI
66,103,76,7,0,86.84,3,caught,2,England,Birmingham,30-06-2019,ODI
26,45,27,3,0,96.29,3,caught,1,Bangladesh,Birmingham,02-07-2019,ODI
34,61,41,3,0,82.92,3,not out,2,Sri Lanka,Leeds,06-07-2019,ODI
1,8,6,0,0,16.66,3,lbw,2,New Zealand,Manchester,09-07-2019,ODI
,,,,,,,,,West Indies,Providence,08-08-2019,ODI
120,179,125,14,1,96,3,caught,1,West Indies,Port of Spain,11-08-2019,ODI
114,127,99,14,0,115.15,3,not out,2,West Indies,Port of Spain,14-08-2019,ODI
4,-,4,1,0,100,3,bowled,1,West Indies,Chennai,15-12-2019,ODI
0,-,1,0,0,0,3,caught,1,West Indies,Visakhapatnam,18-12-2019,ODI
85,-,81,9,0,104.93,3,bowled,2,West Indies,Cuttack,22-12-2019,ODI
16,-,14,0,1,114.28,4,caught,1,Australia,Wankhede,14-01-2020,ODI
78,-,76,6,0,102.63,3,caught,1,Australia,Rajkot,17-01-2020,ODI
89,-,91,8,0,97.8,3,bowled,2,Australia,Bengaluru,19-01-2020,ODI
51,88,63,6,0,80.95,3,bowled,1,New Zealand,Hamilton,05-02-2020,ODI
15,31,25,1,0,60,3,bowled,2,New Zealand,Auckland,08-02-2020,ODI
9,20,12,0,1,75,3,caught,1,New Zealand,Mount Maunganui,11-02-2020,ODI
21,-,21,2,1,100,3,caught,2,Australia,Sydney,27-11-2020,ODI
89,-,87,7,2,102.29,3,caught,2,Australia,Sydney,29-11-2020,ODI
63,-,78,5,0,80.76,3,caught,1,Australia,Canberra,02-12-2020,ODI
56,65,60,6,0,93.33,3,caught,1,England,Pune,23-03-2021,ODI
66,110,79,3,1,83.54,3,caught,1,England,Pune,26-03-2021,ODI
7,14,10,1,0,70,3,bowled,1,England,Pune,28-03-2021,ODI
51,79,63,3,0,80.95,3,caught,2,South Africa,Paarl,19-01-2022,ODI
0,4,5,0,0,0,3,caught,1,South Africa,Paarl,21-01-2022,ODI
65,112,84,5,0,77.38,3,caught,2,South Africa,Cape Town,23-01-2022,ODI
8,6,4,2,0,200,3,caught,2,West Indies,Ahmedabad,06-02-2022,ODI
18,42,30,3,0,60,3,caught,1,West Indies,Ahmedabad,09-02-2022,ODI
0,2,2,0,0,0,3,caught,1,West Indies,Ahmedabad,11-02-2022,ODI
16,39,25,3,0,64,3,caught,2,England,Lord's,14-07-2022,ODI
17,27,22,3,0,77.27,3,caught,2,England,Manchester,17-07-2022,ODI
26,30,21,3,1,123.8,5,not out,2,Zimbabwe,Harare,12-06-2010,T20
,,,,,,,,,Zimbabwe,Harare,13-06-2010,T20
28,28,19,5,0,147.36,1,bowled,1,South Africa,Durban,09-01-2011,T20
14,15,12,2,0,116.66,3,caught,1,West Indies,Port of Spain,04-06-2011,T20
4,5,5,0,0,80,4,caught,1,England,Manchester,31-08-2011,T20
15,21,16,3,0,93.75,3,caught,1,England,Eden Gardens,29-10-2011,T20
22,30,21,0,1,104.76,3,caught,2,Australia,Sydney,01-02-2012,T20
31,29,24,3,0,129.16,3,caught,2,Australia,Melbourne,03-02-2012,T20
,,,,,,,,,South Africa,Johannesburg,30-03-2012,T20
68,65,48,11,1,141.66,3,caught,1,Sri Lanka,Pallekele,07-08-2012,T20
70,67,41,10,1,170.73,2,caught,2,New Zealand,Chennai,11-09-2012,T20
50,60,39,4,2,128.2,3,caught,1,Afghanistan,Colombo (RPS),19-09-2012,T20
40,33,32,6,0,125,3,caught,1,England,Colombo (RPS),23-09-2012,T20
15,18,13,2,0,115.38,3,caught,1,Australia,Colombo (RPS),28-09-2012,T20
78,61,61,8,2,127.86,3,not out,2,Pakistan,Colombo (RPS),30-09-2012,T20
2,5,6,0,0,33.33,3,caught,1,South Africa,Colombo (RPS),02-10-2012,T20
21,35,17,2,0,123.52,3,bowled,2,England,Pune,20-12-2012,T20
38,25,20,7,0,190,3,lbw,1,England,Wankhede,22-12-2012,T20
9,15,11,1,0,81.81,3,caught,1,Pakistan,Bengaluru,25-12-2012,T20
27,31,22,3,0,122.72,3,run out,1,Pakistan,Ahmedabad,28-12-2012,T20
29,26,22,2,1,131.81,4,caught,2,Australia,Rajkot,10-10-2013,T20
36,45,32,4,1,112.5,3,not out,2,Pakistan,Mirpur,21-03-2014,T20
54,51,41,5,1,131.7,3,bowled,2,West Indies,Mirpur,23-03-2014,T20
57,66,50,3,1,114,3,not out,2,Bangladesh,Mirpur,28-03-2014,T20
23,23,22,2,1,104.54,3,caught,1,Australia,Mirpur,30-03-2014,T20
72,67,44,5,2,163.63,3,not out,2,South Africa,Mirpur,04-04-2014,T20
77,75,58,5,4,132.75,3,run out,1,Sri Lanka,Mirpur,06-04-2014,T20
66,54,41,9,1,160.97,3,caught,2,England,Birmingham,07-09-2014,T20
43,58,27,1,3,159.25,3,caught,1,South Africa,Dharamsala,02-10-2015,T20
1,3,1,0,0,100,3,run out,1,South Africa,Cuttack,05-10-2015,T20
90,71,55,9,2,163.63,3,not out,1,Australia,Adelaide,26-01-2016,T20
59,44,33,7,1,178.78,3,not out,1,Australia,Melbourne,29-01-2016,T20
50,49,36,2,1,138.88,3,bowled,2,Australia,Sydney,31-01-2016,T20
7,13,12,1,0,58.33,3,caught,1,Bangladesh,Mirpur,24-02-2016,T20
49,71,51,7,0,96.07,3,lbw,2,Pakistan,Mirpur,27-02-2016,T20
56,85,47,7,0,119.14,3,not out,2,Sri Lanka,Mirpur,01-03-2016,T20
,,,,,,,,,U.A.E.,Mirpur,03-03-2016,T20
41,62,28,5,0,146.42,3,not out,2,Bangladesh,Mirpur,06-03-2016,T20
23,-,27,2,0,85.18,3,caught,2,New Zealand,Nagpur,15-03-2016,T20
55,66,37,7,1,148.64,3,not out,2,Pakistan,Eden Gardens,19-03-2016,T20
24,37,24,0,1,100,3,bowled,1,Bangladesh,Bengaluru,23-03-2016,T20
82,78,51,9,2,160.78,3,not out,2,Australia,Mohali,27-03-2016,T20
89,63,47,11,1,189.36,3,not out,1,West Indies,Wankhede,31-03-2016,T20
16,8,9,3,0,177.77,3,caught,2,West Indies,Lauderhill,27-08-2016,T20
,,,,,,,,,West Indies,Lauderhill,28-08-2016,T20
29,34,26,4,0,111.53,1,caught,1,England,Kanpur,26-01-2017,T20
21,17,15,2,1,140,1,caught,1,England,Nagpur,29-01-2017,T20
2,6,4,0,0,50,1,run out,1,England,Bengaluru,01-02-2017,T20
39,-,22,7,1,177.27,1,caught,1,West Indies,Kingston,09-07-2017,T20
82,-,54,7,1,151.85,3,caught,2,Sri Lanka,Colombo (RPS),06-09-2017,T20
22,19,14,3,0,157.14,3,not out,2,Australia,Ranchi,07-10-2017,T20
0,2,2,0,0,0,3,caught,1,Australia,Guwahati,10-10-2017,T20
26,19,11,0,3,236.36,4,not out,1,New Zealand,Delhi,01-11-2017,T20
65,59,42,8,1,154.76,4,caught,2,New Zealand,Rajkot,04-11-2017,T20
13,6,6,1,1,216.66,3,caught,1,New Zealand,Thiruvananthapuram,07-11-2017,T20
26,26,20,2,1,130,4,lbw,1,South Africa,Johannesburg,18-02-2018,T20
1,6,5,0,0,20,4,caught,1,South Africa,Centurion,21-02-2018,T20
0,1,2,0,0,0,6,caught,1,Ireland,Dublin (Malahide),27-06-2018,T20
9,-,8,1,0,112.5,2,caught,1,Ireland,Dublin (Malahide),29-06-2018,T20
20,-,22,0,1,90.9,4,not out,2,England,Manchester,03-07-2018,T20
47,-,38,1,2,123.68,4,caught,1,England,Cardiff,06-07-2018,T20
43,-,29,2,2,148.27,4,caught,2,England,Bristol,08-07-2018,T20
4,-,8,0,0,50,4,caught,2,Australia,Brisbane,21-11-2018,T20
,,,,,,,,,Australia,Melbourne,23-11-2018,T20
61,-,41,4,2,148.78,3,not out,2,Australia,Sydney,25-11-2018,T20
24,25,17,3,0,141.17,3,caught,1,Australia,Visakhapatnam,24-02-2019,T20
72,63,38,2,6,189.47,3,not out,1,Australia,Bengaluru,27-02-2019,T20
19,-,29,1,0,65.51,3,caught,2,West Indies,Lauderhill,03-08-2019,T20
28,-,23,1,1,121.73,3,bowled,1,West Indies,Lauderhill,04-08-2019,T20
59,-,45,6,0,131.11,3,caught,2,West Indies,Providence,06-08-2019,T20
72,66,52,4,3,138.46,3,not out,2,South Africa,Mohali,18-09-2019,T20
9,28,15,0,0,60,3,caught,1,South Africa,Bengaluru,22-09-2019,T20
94,-,50,6,6,188,3,not out,2,West Indies,Hyderabad (Deccan),06-12-2019,T20
19,-,17,2,0,111.76,4,caught,1,West Indies,Thiruvananthapuram,08-12-2019,T20
70,-,29,4,7,241.37,4,not out,1,West Indies,Wankhede,11-12-2019,T20
,,,,,,,,,Sri Lanka,Guwahati,05-01-2020,T20
30,-,17,1,2,176.47,4,not out,2,Sri Lanka,Indore,07-01-2020,T20
26,-,17,2,1,152.94,6,run out,1,Sri Lanka,Pune,10-01-2020,T20
45,-,32,3,1,140.62,3,caught,2,New Zealand,Auckland,24-01-2020,T20
11,21,12,1,0,91.66,3,caught,2,New Zealand,Auckland,26-01-2020,T20
38,31,27,2,1,140.74,4,caught,1,New Zealand,Hamilton,29-01-2020,T20
11,16,9,2,0,122.22,3,caught,1,New Zealand,Wellington,31-01-2020,T20
9,-,9,1,0,100,3,caught,1,Australia,Canberra,04-12-2020,T20
40,-,24,2,2,166.66,3,caught,2,Australia,Sydney,06-12-2020,T20
85,-,61,4,3,139.34,3,caught,2,Australia,Sydney,08-12-2020,T20
0,6,5,0,0,0,3,caught,1,England,Ahmedabad,12-03-2021,T20
73,85,49,5,3,148.97,3,not out,2,England,Ahmedabad,14-03-2021,T20
77,80,46,8,4,167.39,4,not out,1,England,Ahmedabad,16-03-2021,T20
1,3,5,0,0,20,4,stumped,1,England,Ahmedabad,18-03-2021,T20
80,103,52,7,2,153.84,2,not out,1,England,Ahmedabad,20-03-2021,T20
57,94,49,5,1,116.32,3,caught,1,Pakistan,Dubai (DSC),24-10-2021,T20
9,20,17,0,0,52.94,4,caught,1,New Zealand,Dubai (DSC),31-10-2021,T20
,,,,,,,,,Afghanistan,Abu Dhabi,03-11-2021,T20
2,7,2,0,0,100,3,not out,2,Scotland,Dubai (DSC),05-11-2021,T20
,,,,,,,,,Namibia,Dubai (DSC),08-11-2021,T20
17,25,13,1,0,130.76,3,caught,2,West Indies,Eden Gardens,16-02-2022,T20
52,57,41,7,1,126.82,3,bowled,1,West Indies,Eden Gardens,18-02-2022,T20
1,8,3,0,0,33.33,3,caught,1,England,Birmingham,09-07-2022,T20
11,8,6,1,1,183.33,3,caught,2,England,Nottingham,10-07-2022,T20
35,47,34,3,1,102.94,3,caught,2,Pakistan,Dubai (DSC),28-08-2022,T20
59,74,44,1,3,134.09,3,not out,1,Hong Kong,Dubai (DSC),31-08-2022,T20
60,77,44,4,1,136.36,3,run out,1,Pakistan,Dubai (DSC),04-09-2022,T20
0,6,4,0,0,0,3,bowled,1,Sri Lanka,Dubai (DSC),06-09-2022,T20
122,90,61,12,6,200,2,not out,1,Afghanistan,Dubai (DSC),08-09-2022,T20
2,12,7,0,0,28.57,3,caught,1,Australia,Mohali,20-09-2022,T20
11,-,6,2,0,183.33,3,bowled,2,Australia,Nagpur,23-09-2022,T20
63,89,48,3,4,131.25,3,caught,2,Australia,Hyderabad (Deccan),25-09-2022,T20
3,19,9,0,0,33.33,3,caught,2,South Africa,Thiruvananthapuram,28-09-2022,T20
49,56,28,7,1,175,3,not out,1,South Africa,Guwahati,02-10-2022,T20
82,98,53,6,4,154.71,3,not out,2,Pakistan,Melbourne,23-10-2022,T20
62,79,44,3,2,140.9,3,not out,1,Netherlands,Sydney,27-10-2022,T20
12,13,11,2,0,109.09,3,caught,1,South Africa,Perth,30-10-2022,T20
64,84,44,8,1,145.45,3,not out,1,Bangladesh,Adelaide,02-11-2022,T20
26,36,25,2,0,104,3,caught,1,Zimbabwe,Melbourne,06-11-2022,T20
4,13,10,1,0,40,5,caught,1,West Indies,Kingston,20-06-2011,TEST
15,72,54,2,0,27.77,5,caught,3,West Indies,Kingston,20-06-2011,TEST
0,1,2,0,0,0,5,caught,1,West Indies,Bridgetown,28-06-2011,TEST
27,118,107,1,1,25.23,5,caught,3,West Indies,Bridgetown,28-06-2011,TEST
30,62,53,2,0,56.6,5,caught,2,West Indies,Roseau,06-07-2011,TEST
,,,,,,,,,West Indies,Roseau,06-07-2011,TEST
52,154,111,5,0,46.84,6,caught,2,West Indies,Wankhede,22-11-2011,TEST
63,136,114,3,1,55.26,6,caught,4,West Indies,Wankhede,22-11-2011,TEST
11,28,21,1,0,52.38,7,caught,2,Australia,Melbourne,26-12-2011,TEST
0,3,1,0,0,0,6,lbw,4,Australia,Melbourne,26-12-2011,TEST
23,50,41,3,0,56.09,6,caught,1,Australia,Sydney,03-01-2012,TEST
9,35,24,2,0,37.5,6,lbw,3,Australia,Sydney,03-01-2012,TEST
44,107,81,6,0,54.32,6,caught,1,Australia,Perth,13-01-2012,TEST
75,191,136,9,0,55.14,6,caught,3,Australia,Perth,13-01-2012,TEST
116,237,213,11,1,54.46,6,lbw,2,Australia,Adelaide,24-01-2012,TEST
22,96,62,2,0,35.48,6,run out,4,Australia,Adelaide,24-01-2012,TEST
58,143,107,8,0,54.2,5,caught,1,New Zealand,Hyderabad (Deccan),23-08-2012,TEST
103,284,193,14,1,53.36,5,lbw,2,New Zealand,Bengaluru,31-08-2012,TEST
51,130,82,9,0,62.19,5,not out,4,New Zealand,Bengaluru,31-08-2012,TEST
19,70,67,3,0,28.35,5,bowled,1,England,Ahmedabad,15-11-2012,TEST
14,17,21,3,0,66.66,3,not out,4,England,Ahmedabad,15-11-2012,TEST
19,65,55,3,0,34.54,5,caught,1,England,Wankhede,23-11-2012,TEST
7,16,13,1,0,53.84,5,caught,3,England,Wankhede,23-11-2012,TEST
6,31,24,1,0,25,5,caught,1,England,Eden Gardens,05-12-2012,TEST
20,86,60,3,0,33.33,5,caught,3,England,Eden Gardens,05-12-2012,TEST
103,356,295,11,0,34.91,5,lbw,2,England,Nagpur,13-12-2012,TEST
107,266,206,15,1,51.94,5,caught,2,Australia,Chennai,22-02-2013,TEST
,,,,,,,,,Australia,Chennai,22-02-2013,TEST
34,119,92,3,0,36.95,5,caught,2,Australia,Hyderabad (Deccan),02-03-2013,TEST
67,157,129,7,1,51.93,5,not out,2,Australia,Mohali,14-03-2013,TEST
34,80,61,6,0,55.73,3,caught,4,Australia,Mohali,14-03-2013,TEST
1,11,8,0,0,12.5,3,lbw,2,Australia,Delhi,22-03-2013,TEST
41,76,60,4,0,68.33,3,lbw,4,Australia,Delhi,22-03-2013,TEST
3,13,5,0,0,60,5,caught,2,West Indies,Eden Gardens,06-11-2013,TEST
57,80,78,5,0,73.07,5,caught,2,West Indies,Wankhede,14-11-2013,TEST
119,257,181,18,0,65.74,4,caught,1,South Africa,Johannesburg,18-12-2013,TEST
96,254,193,9,0,49.74,4,caught,3,South Africa,Johannesburg,18-12-2013,TEST
46,114,87,5,0,52.87,4,caught,1,South Africa,Durban,26-12-2013,TEST
11,26,27,1,0,40.74,4,caught,3,South Africa,Durban,26-12-2013,TEST
4,17,13,1,0,30.76,4,caught,2,New Zealand,Auckland,06-02-2014,TEST
67,131,102,12,0,65.68,4,caught,4,New Zealand,Auckland,06-02-2014,TEST
38,131,93,4,0,40.86,5,caught,2,New Zealand,Wellington,14-02-2014,TEST
105,195,135,15,1,77.77,4,not out,4,New Zealand,Wellington,14-02-2014,TEST
1,6,8,0,0,12.5,4,caught,1,England,Nottingham,09-07-2014,TEST
8,39,29,1,0,27.58,4,lbw,3,England,Nottingham,09-07-2014,TEST
25,39,34,4,0,73.52,4,caught,1,England,Lord's,17-07-2014,TEST
0,1,1,0,0,0,4,bowled,3,England,Lord's,17-07-2014,TEST
39,119,75,3,0,52,4,caught,2,England,Southampton,27-07-2014,TEST
28,77,56,3,0,50,4,caught,4,England,Southampton,27-07-2014,TEST
0,3,2,0,0,0,4,caught,1,England,Manchester,07-08-2014,TEST
7,15,11,1,0,63.63,4,caught,3,England,Manchester,07-08-2014,TEST
6,34,18,1,0,33.33,4,lbw,1,England,The Oval,15-08-2014,TEST
20,80,54,2,0,37.03,4,caught,3,England,The Oval,15-08-2014,TEST
115,267,184,12,0,62.5,4,caught,2,Australia,Adelaide,09-12-2014,TEST
141,279,175,16,1,80.57,4,caught,4,Australia,Adelaide,09-12-2014,TEST
19,50,27,1,0,70.37,4,caught,1,Australia,Brisbane,17-12-2014,TEST
1,14,11,0,0,9.09,4,bowled,3,Australia,Brisbane,17-12-2014,TEST
169,380,272,18,0,62.13,4,caught,2,Australia,Melbourne,26-12-2014,TEST
54,134,99,7,0,54.54,4,caught,4,Australia,Melbourne,26-12-2014,TEST
147,315,230,20,0,63.91,4,caught,2,Australia,Sydney,06-01-2015,TEST
46,123,95,3,0,48.42,4,caught,4,Australia,Sydney,06-01-2015,TEST
14,17,22,2,0,63.63,4,bowled,1,Bangladesh,Fatullah,10-06-2015,TEST
103,266,191,11,0,53.92,4,lbw,2,Sri Lanka,Galle,12-08-2015,TEST
3,14,10,0,0,30,5,caught,4,Sri Lanka,Galle,12-08-2015,TEST
78,178,107,8,1,72.89,4,caught,1,Sri Lanka,Colombo (PSS),20-08-2015,TEST
10,33,19,0,0,52.63,4,lbw,3,Sri Lanka,Colombo (PSS),20-08-2015,TEST
18,96,60,3,0,30,4,caught,1,Sri Lanka,Colombo (SSC),28-08-2015,TEST
21,87,63,2,0,33.33,4,caught,3,Sri Lanka,Colombo (SSC),28-08-2015,TEST
1,5,4,0,0,25,4,caught,1,South Africa,Mohali,05-11-2015,TEST
29,92,71,4,0,40.84,4,caught,3,South Africa,Mohali,05-11-2015,TEST
,,,,,,,,,South Africa,Bengaluru,14-11-2015,TEST
22,73,55,2,0,40,4,caught,1,South Africa,Nagpur,25-11-2015,TEST
16,49,30,2,0,53.33,4,caught,3,South Africa,Nagpur,25-11-2015,TEST
44,74,62,7,0,70.96,4,caught,1,South Africa,Delhi,03-12-2015,TEST
88,259,165,10,0,53.33,5,lbw,3,South Africa,Delhi,03-12-2015,TEST
200,375,283,24,0,70.67,4,bowled,1,West Indies,North Sound,21-07-2016,TEST
44,144,90,4,1,48.88,4,caught,2,West Indies,Kingston,30-07-2016,TEST
3,17,8,0,0,37.5,3,caught,1,West Indies,Gros Islet,09-08-2016,TEST
4,21,17,0,0,23.52,3,lbw,3,West Indies,Gros Islet,09-08-2016,TEST
,,,,,,,,,West Indies,Port of Spain,18-08-2016,TEST
9,12,10,2,0,90,4,caught,1,New Zealand,Kanpur,22-09-2016,TEST
18,45,40,3,0,45,4,caught,3,New Zealand,Kanpur,22-09-2016,TEST
9,42,28,1,0,32.14,4,caught,1,New Zealand,Eden Gardens,30-09-2016,TEST
45,82,65,7,0,69.23,4,lbw,3,New Zealand,Eden Gardens,30-09-2016,TEST
211,536,366,20,0,57.65,4,lbw,1,New Zealand,Indore,08-10-2016,TEST
17,36,28,1,0,60.71,4,lbw,3,New Zealand,Indore,08-10-2016,TEST
40,135,95,5,0,42.1,4,hit wicket,2,England,Rajkot,09-11-2016,TEST
49,129,98,6,0,50,4,not out,4,England,Rajkot,09-11-2016,TEST
167,401,267,18,0,62.54,4,caught,1,England,Visakhapatnam,17-11-2016,TEST
81,172,109,8,0,74.31,4,caught,3,England,Visakhapatnam,17-11-2016,TEST
62,161,127,9,0,48.81,4,caught,2,England,Mohali,26-11-2016,TEST
6,11,11,0,0,54.54,4,not out,4,England,Mohali,26-11-2016,TEST
235,515,340,25,1,69.11,4,caught,2,England,Wankhede,08-12-2016,TEST
15,44,29,1,0,51.72,4,caught,2,England,Chennai,16-12-2016,TEST
204,295,246,24,0,82.92,4,lbw,1,Bangladesh,Hyderabad (Deccan),09-02-2017,TEST
38,51,40,2,1,95,4,caught,3,Bangladesh,Hyderabad (Deccan),09-02-2017,TEST
0,2,2,0,0,0,4,caught,2,Australia,Pune,23-02-2017,TEST
13,33,37,1,0,35.13,4,bowled,4,Australia,Pune,23-02-2017,TEST
12,25,17,2,0,70.58,4,lbw,1,Australia,Bengaluru,04-03-2017,TEST
15,34,25,1,0,60,4,lbw,3,Australia,Bengaluru,04-03-2017,TEST
6,38,23,0,0,26.08,4,caught,2,Australia,Ranchi,16-03-2017,TEST
3,15,8,0,0,37.5,4,caught,1,Sri Lanka,Galle,26-07-2017,TEST
103,158,136,5,1,75.73,4,not out,3,Sri Lanka,Galle,26-07-2017,TEST
13,31,29,2,0,44.82,4,caught,1,Sri Lanka,Colombo (SSC),03-08-2017,TEST
42,119,84,3,0,50,4,caught,1,Sri Lanka,Pallekele,12-08-2017,TEST
0,18,11,0,0,0,4,lbw,1,Sri Lanka,Eden Gardens,16-11-2017,TEST
104,208,119,12,2,87.39,4,not out,3,Sri Lanka,Eden Gardens,16-11-2017,TEST
213,386,267,17,2,79.77,4,caught,2,Sri Lanka,Nagpur,24-11-2017,TEST
243,447,287,25,0,84.66,4,lbw,1,Sri Lanka,Delhi,02-12-2017,TEST
50,89,58,3,0,86.2,5,caught,3,Sri Lanka,Delhi,02-12-2017,TEST
5,14,13,0,0,38.46,4,caught,2,South Africa,Cape Town,05-01-2018,TEST
28,62,40,4,0,70,4,lbw,4,South Africa,Cape Town,05-01-2018,TEST
153,379,217,15,0,70.5,4,caught,2,South Africa,Centurion,13-01-2018,TEST
5,22,20,1,0,25,4,lbw,4,South Africa,Centurion,13-01-2018,TEST
54,146,106,9,0,50.94,4,caught,1,South Africa,Johannesburg,24-01-2018,TEST
41,131,79,6,0,51.89,5,bowled,3,South Africa,Johannesburg,24-01-2018,TEST
149,277,225,22,1,66.22,4,caught,2,England,Birmingham,01-08-2018,TEST
51,185,93,4,0,54.83,4,lbw,4,England,Birmingham,01-08-2018,TEST
23,73,57,2,0,40.35,4,caught,1,England,Lord's,09-08-2018,TEST
17,57,29,2,0,58.62,5,caught,3,England,Lord's,09-08-2018,TEST
97,243,152,11,0,63.81,4,caught,1,England,Nottingham,18-08-2018,TEST
103,292,197,10,0,52.28,4,lbw,3,England,Nottingham,18-08-2018,TEST
46,100,71,6,0,64.78,4,caught,2,England,Southampton,30-08-2018,TEST
58,170,130,4,0,44.61,4,caught,4,England,Southampton,30-08-2018,TEST
49,112,70,6,0,70,4,caught,2,England,The Oval,07-09-2018,TEST
0,3,1,0,0,0,4,caught,4,England,The Oval,07-09-2018,TEST
139,341,230,10,0,60.43,4,caught,1,West Indies,Rajkot,04-10-2018,TEST
45,86,78,5,0,57.69,4,lbw,2,West Indies,Hyderabad (Deccan),12-10-2018,TEST
,,,,,,,,,West Indies,Hyderabad (Deccan),12-10-2018,TEST
3,17,16,0,0,18.75,4,caught,1,Australia,Adelaide,06-12-2018,TEST
34,132,104,3,0,32.69,4,caught,3,Australia,Adelaide,06-12-2018,TEST
123,373,257,13,1,47.85,4,caught,2,Australia,Perth,14-12-2018,TEST
17,64,40,2,0,42.5,4,caught,4,Australia,Perth,14-12-2018,TEST
82,305,204,9,0,40.19,4,caught,1,Australia,Melbourne,26-12-2018,TEST
0,6,4,0,0,0,4,caught,3,Australia,Melbourne,26-12-2018,TEST
23,-,59,4,0,38.98,4,caught,1,Australia,Sydney,03-01-2019,TEST
9,-,12,2,0,75,4,caught,1,West Indies,North Sound,22-08-2019,TEST
51,-,113,2,0,45.13,4,caught,3,West Indies,North Sound,22-08-2019,TEST
76,211,163,10,0,46.62,4,caught,1,West Indies,Kingston,30-08-2019,TEST
0,3,1,0,0,0,4,caught,3,West Indies,Kingston,30-08-2019,TEST
20,-,40,4,0,50,4,caught,1,South Africa,Visakhapatnam,02-10-2019,TEST
31,-,25,3,1,124,5,not out,3,South Africa,Visakhapatnam,02-10-2019,TEST
254,-,336,33,2,75.59,4,not out,1,South Africa,Pune,10-10-2019,TEST
12,-,22,2,0,54.54,4,lbw,1,South Africa,Ranchi,19-10-2019,TEST
0,-,2,0,0,0,4,lbw,2,Bangladesh,Indore,14-11-2019,TEST
136,-,194,18,0,70.1,4,caught,2,Bangladesh,Eden Gardens,22-11-2019,TEST
2,9,7,0,0,28.57,4,caught,1,New Zealand,Wellington,21-02-2020,TEST
19,61,43,3,0,44.18,4,caught,3,New Zealand,Wellington,21-02-2020,TEST
3,23,15,0,0,20,4,lbw,1,New Zealand,Christchurch,29-02-2020,TEST
14,40,30,3,0,46.66,4,lbw,3,New Zealand,Christchurch,29-02-2020,TEST
74,244,180,8,0,41.11,4,run out,1,Australia,Adelaide,17-12-2020,TEST
4,13,8,1,0,50,5,caught,3,Australia,Adelaide,17-12-2020,TEST
11,69,48,0,0,22.91,4,caught,2,England,Chennai,05-02-2021,TEST
72,153,104,9,0,69.23,4,bowled,4,England,Chennai,05-02-2021,TEST
0,6,5,0,0,0,4,bowled,1,England,Chennai,13-02-2021,TEST
62,200,149,7,0,41.61,4,lbw,3,England,Chennai,13-02-2021,TEST
27,85,58,3,0,46.55,4,bowled,2,England,Ahmedabad,24-02-2021,TEST
,,,,,,,,,England,Ahmedabad,24-02-2021,TEST
0,13,8,0,0,0,4,caught,2,England,Ahmedabad,04-03-2021,TEST
44,196,132,1,0,33.33,4,lbw,1,New Zealand,Southampton,18-06-2021,TEST
13,43,29,0,0,44.82,4,caught,3,New Zealand,Southampton,18-06-2021,TEST
0,2,1,0,0,0,4,caught,2,England,Nottingham,04-08-2021,TEST
,,,,,,,,,England,Nottingham,04-08-2021,TEST
42,152,103,3,0,40.77,4,caught,1,England,Lord's,12-08-2021,TEST
20,54,31,4,0,64.51,4,caught,3,England,Lord's,12-08-2021,TEST
7,31,17,1,0,41.17,4,caught,1,England,Leeds,25-08-2021,TEST
55,173,125,8,0,44,4,caught,3,England,Leeds,25-08-2021,TEST
50,133,96,8,0,52.08,4,caught,1,England,The Oval,02-09-2021,TEST
44,151,96,7,0,45.83,4,caught,3,England,The Oval,02-09-2021,TEST
0,8,4,0,0,0,4,lbw,1,New Zealand,Wankhede,03-12-2021,TEST
36,111,84,1,1,42.85,4,bowled,3,New Zealand,Wankhede,03-12-2021,TEST
35,108,94,4,0,37.23,4,caught,1,South Africa,Centurion,26-12-2021,TEST
18,41,32,4,0,56.25,5,caught,3,South Africa,Centurion,26-12-2021,TEST
79,273,201,12,1,39.3,4,caught,1,South Africa,Cape Town,11-01-2022,TEST
29,193,143,4,0,20.27,4,caught,3,South Africa,Cape Town,11-01-2022,TEST
45,106,76,5,0,59.21,4,bowled,1,Sri Lanka,Mohali,04-03-2022,TEST
23,63,48,2,0,47.91,4,lbw,1,Sri Lanka,Bengaluru,12-03-2022,TEST
13,27,16,1,0,81.25,4,lbw,3,Sri Lanka,Bengaluru,12-03-2022,TEST
11,33,19,2,0,57.89,4,bowled,1,England,Birmingham,01-07-2022,TEST
20,64,40,4,0,50,4,caught,3,England,Birmingham,01-07-2022,TEST
